REF_AREA,TIME_PERIOD,OBS_VALUE
FRA,1993-Q3,2312496.7
IRL,1995-Q4,131516.7
IRL,1996-Q1,137147.7
GBR,2000-Q2,2598055.9
IRL,1997-Q1,147121.5
IRL,1997-Q2,152465.9
IRL,1997-Q3,154821.7
IRL,1997-Q4,157817.9
IRL,1998-Q1,161779.0
IRL,1998-Q2,165785.5
IRL,1995-Q2,128691.6
JPN,2000-Q3,4878813.3
IRL,2000-Q2,198477.6
IRL,2000-Q3,202136.9
IRL,2000-Q4,203198.7
IRL,2001-Q1,206581.1
IRL,2001-Q2,210841.0
IRL,2001-Q3,209920.7
IRL,2001-Q4,213700.0
IRL,2002-Q1,216844.0
IRL,2002-Q2,219524.6
IRL,1995-Q1,127031.4
IRL,1990-Q1,99243.7
IRL,1990-Q2,101287.4
IRL,1990-Q3,102561.3
IRL,1990-Q4,103027.6
IRL,1996-Q2,139137.8
IRL,1996-Q3,137755.2
IRL,1991-Q1,103053.2
USA,1999-Q4,14569280.8
USA,2000-Q1,14622137.2
USA,1992-Q4,11124684.0
USA,1993-Q1,11143255.9
USA,1993-Q2,11208128.7
USA,1993-Q3,11261608.9
USA,1993-Q4,11414783.6
USA,1994-Q1,11525548.4
USA,1994-Q2,11681740.6
USA,1994-Q3,11750030.3
USA,1994-Q4,11884635.1
USA,1991-Q4,10657599.2
USA,1992-Q1,10785197.5
USA,1992-Q2,10902141.8
USA,1992-Q3,11009867.0
USA,2000-Q2,14888448.4
IRL,1991-Q3,103476.3
IRL,1991-Q4,104350.7
IRL,1992-Q1,105476.5
IRL,1992-Q2,106605.8
IRL,1992-Q3,107525.4
IRL,1992-Q4,108188.7
IRL,1993-Q1,108730.3
IRL,1993-Q2,109307.4
IRL,1993-Q3,110087.2
IRL,1993-Q4,111190.3
IRL,1994-Q1,112692.2
IRL,1994-Q2,114641.3
IRL,1994-Q3,117150.7
IRL,1994-Q4,120117.2
IRL,1998-Q3,171633.1
IRL,1998-Q4,168035.0
IRL,1999-Q1,177979.9
IRL,1999-Q2,179628.2
IRL,1995-Q3,129591.9
IRL,2000-Q1,192864.2
ITA,1994-Q3,2465295.5
ITA,1994-Q4,2488811.6
ITA,1995-Q1,2514395.6
ITA,1995-Q2,2514234.2
ITA,1995-Q3,2531184.9
ITA,1995-Q4,2548870.7
ITA,1990-Q1,2367413.3
ITA,1990-Q2,2374628.8
ITA,1990-Q3,2378436.4
ITA,1990-Q4,2362986.4
ITA,1999-Q2,2667481.9
ITA,1999-Q3,2695226.1
ITA,1999-Q4,2735132.9
ITA,2000-Q1,2768728.2
ITA,2000-Q2,2786972.3
ITA,2000-Q3,2812172.0
ITA,2000-Q4,2839420.8
ITA,2001-Q1,2861763.0
ITA,2001-Q2,2859851.9
ITA,2001-Q3,2848838.0
ITA,2001-Q4,2844719.6
ITA,2002-Q1,2848272.4
ITA,2002-Q2,2856146.6
ITA,1991-Q1,2386616.8
ITA,1991-Q2,2399556.3
ITA,1991-Q3,2415250.7
ITA,1991-Q4,2427354.6
ITA,1992-Q1,2438206.9
ITA,1992-Q2,2427767.7
ITA,1992-Q3,2417394.6
ITA,1992-Q4,2407727.8
ITA,1997-Q1,2556960.8
ITA,1997-Q2,2597432.6
ITA,1997-Q3,2609587.1
ITA,1997-Q4,2648225.0
ITA,1998-Q1,2634845.7
ITA,1998-Q2,2650670.7
ITA,1998-Q3,2652706.5
ITA,1998-Q4,2644395.1
ITA,1999-Q1,2657147.4
ITA,1996-Q1,2549106.9
ITA,1996-Q2,2553362.5
ITA,1996-Q3,2558412.1
ITA,1996-Q4,2549607.9
ITA,1993-Q1,2402649.4
USA,2000-Q4,14992605.0
USA,2001-Q1,14943459.4
USA,2001-Q2,15036781.8
USA,2001-Q3,14976538.5
USA,2001-Q4,15017690.4
USA,2002-Q1,15143292.1
USA,2002-Q2,15236076.1
USA,1990-Q1,10586013.9
USA,1990-Q2,10624437.9
USA,1990-Q3,10631511.8
USA,1990-Q4,10534722.1
USA,1991-Q1,10485425.8
USA,1991-Q2,10567179.6
USA,1991-Q3,10620581.7
USA,1995-Q1,11926799.5
USA,1995-Q2,11962379.9
USA,1995-Q3,12064146.9
USA,1995-Q4,12146072.3
USA,1996-Q1,12237052.5
USA,1996-Q2,12441159.7
USA,1996-Q3,12552761.1
USA,1996-Q4,12683105.1
USA,1997-Q1,12764967.4
USA,1997-Q2,12977531.9
USA,1997-Q3,13139565.3
USA,1997-Q4,13251758.9
IRL,1996-Q4,139943.7
USA,1999-Q2,14146539.3
USA,1999-Q3,14334105.8
CAN,1993-Q3,1027015.7
CAN,1993-Q4,1031408.7
CAN,1994-Q1,1046616.6
CAN,1996-Q4,1127216.6
CAN,1997-Q1,1142320.3
CAN,1997-Q2,1155175.4
CAN,1997-Q3,1168870.1
CAN,1997-Q4,1180166.0
CAN,1998-Q1,1196829.8
CAN,1998-Q2,1197463.6
CAN,1998-Q3,1208374.8
CAN,1998-Q4,1224747.8
CAN,1999-Q1,1246861.2
CAN,1999-Q2,1257144.8
CAN,1999-Q3,1276849.9
CAN,1999-Q4,1294737.8
CAN,2000-Q1,1315009.8
CAN,2000-Q2,1330486.8
CAN,2000-Q3,1344125.0
CAN,2000-Q4,1346783.4
CAN,1992-Q1,989574.7
CAN,1992-Q2,990702.4
CAN,1992-Q3,996068.6
CAN,1992-Q4,1001743.9
CAN,1993-Q1,1008104.2
CAN,1993-Q2,1017286.9
CAN,1990-Q1,1015714.7
CAN,1990-Q2,1011639.4
CAN,1990-Q3,1004389.3
CAN,1991-Q1,981125.5
CAN,1991-Q2,985834.5
CAN,1991-Q3,987142.0
CAN,1991-Q4,988876.6
CAN,2001-Q1,1354364.3
DEU,1999-Q3,3896218.1
DEU,1999-Q4,3914764.3
DEU,2000-Q1,3976623.5
DEU,2000-Q2,4007370.5
DEU,2000-Q3,4009810.9
DEU,2000-Q4,3992729.1
DEU,2001-Q1,4078748.1
DEU,2001-Q2,4067034.6
DEU,2001-Q3,4066546.2
DEU,2001-Q4,4054344.6
DEU,2002-Q1,4037141.4
DEU,2002-Q2,4051295.0
DEU,1990-Q4,3362982.0
DEU,1990-Q1,3220806.5
DEU,1990-Q2,3236642.0
DEU,1990-Q3,3304803.5
DEU,1994-Q2,3549580.7
DEU,1994-Q3,3570078.6
DEU,1994-Q4,3610098.5
DEU,1995-Q1,3595578.3
DEU,1995-Q2,3624862.2
DEU,1995-Q3,3631206.8
DEU,1995-Q4,3632671.1
DEU,1996-Q1,3607050.2
DEU,1996-Q2,3657317.2
DEU,1996-Q3,3670006.2
DEU,1996-Q4,3703192.4
DEU,1997-Q1,3685625.6
DEU,1997-Q2,3727108.6
DEU,1997-Q3,3740285.5
DEU,1997-Q4,3768103.0
DEU,1998-Q1,3805196.0
DEU,1998-Q2,3787626.6
DEU,1998-Q3,3805196.0
DEU,1998-Q4,3804220.0
DEU,1999-Q1,3849363.8
DEU,1999-Q2,3844483.2
DEU,1991-Q3,3432936.8
DEU,1991-Q4,3481253.7
DEU,1992-Q3,3499677.8
DEU,1992-Q4,3489429.1
DEU,1993-Q1,3462098.0
IRL,1999-Q3,186364.4
IRL,1999-Q4,190652.1
ITA,1993-Q4,2410696.3
ITA,1994-Q1,2424658.0
ITA,1994-Q2,2444842.2
KOR,2001-Q2,1252428.7
KOR,2001-Q3,1268379.8
KOR,2001-Q4,1287658.8
KOR,2002-Q1,1323527.4
KOR,2002-Q2,1348721.8
KOR,1990-Q1,574706.9
KOR,1990-Q2,587662.4
KOR,1990-Q3,608487.6
KOR,1990-Q4,620089.4
KOR,1991-Q1,642776.3
KOR,1991-Q2,653731.3
KOR,1991-Q3,668617.4
KOR,1991-Q4,685835.6
KOR,1995-Q2,895552.2
KOR,1995-Q3,914388.4
KOR,1995-Q4,931723.7
KOR,1996-Q1,950437.0
KOR,1996-Q2,968741.2
KOR,1996-Q3,986621.5
KOR,1996-Q4,1003950.6
KOR,1997-Q1,1008795.8
KOR,1997-Q2,1044198.0
KOR,1997-Q3,1054410.7
KOR,1997-Q4,1047964.3
KOR,1998-Q1,977602.5
KOR,1998-Q2,969974.5
KOR,1998-Q3,988955.4
KOR,1998-Q4,1013606.2
KOR,1999-Q1,1045086.4
KOR,1999-Q2,1090425.0
KOR,1999-Q3,1121746.1
KOR,1999-Q4,1151778.4
KOR,2000-Q1,1174753.3
KOR,2000-Q2,1192853.0
KOR,1993-Q1,729729.7
KOR,1993-Q2,748147.8
KOR,1993-Q3,761833.0
KOR,1993-Q4,776833.0
KOR,1994-Q1,799898.1
KOR,1994-Q2,813217.8
KOR,1994-Q3,826328.6
KOR,1994-Q4,859804.6
KOR,1995-Q1,878796.1
KOR,1992-Q1,697703.0
KOR,1992-Q2,702955.8
KOR,1992-Q3,703801.7
KOR,1992-Q4,714878.2
KOR,2000-Q3,1225607.5
IND,2001-Q2,2839501.0
IND,2001-Q3,2874621.6
IND,2001-Q4,2940619.6
IND,2002-Q1,2964353.2
IND,2002-Q2,2982843.7
IND,1997-Q2,2278709.3
IND,1997-Q3,2305890.5
IND,2000-Q1,2725575.6
IND,2000-Q2,2729252.6
IND,2000-Q3,2765488.7
IND,1998-Q2,2412202.5
IND,1998-Q3,2455977.8
IND,1998-Q4,2488168.6
IND,1999-Q1,2528580.2
IND,1999-Q2,2593874.0
IND,1999-Q3,2626176.3
IND,1999-Q4,2669528.2
IND,1996-Q2,2206515.1
IND,1996-Q3,2217304.5
IND,1996-Q4,2252461.5
IND,1997-Q1,2269408.2
IND,1997-Q4,2342804.5
IND,1998-Q1,2380993.9
IND,2000-Q4,2766647.2
CAN,2001-Q3,1357668.6
CAN,2001-Q4,1365811.3
USA,1998-Q1,13384773.8
USA,1998-Q2,13508675.0
USA,1998-Q3,13678741.2
USA,1998-Q4,13898859.0
USA,1999-Q1,14029429.6
CAN,1996-Q3,1118356.0
CAN,1990-Q4,995446.1
MEX,1992-Q3,1529487.9
MEX,1992-Q4,1530762.1
MEX,1996-Q2,1589166.0
MEX,1996-Q3,1612576.3
MEX,1996-Q4,1663694.8
MEX,1997-Q1,1669574.9
MEX,1997-Q2,1708834.9
MEX,1997-Q3,1744601.0
MEX,1997-Q4,1793815.5
MEX,1998-Q1,1821269.8
MEX,1998-Q2,1834459.7
MEX,1998-Q3,1843480.6
MEX,1998-Q4,1846886.5
MEX,1999-Q1,1862878.0
MEX,1999-Q2,1876767.7
MEX,1999-Q3,1894340.6
MEX,1999-Q4,1913581.0
MEX,2000-Q1,1953372.9
MEX,2000-Q2,1977850.2
MEX,2000-Q3,1999299.2
MEX,2000-Q4,1977106.7
MEX,2001-Q1,1989381.5
MEX,2001-Q2,1974719.2
MEX,1994-Q1,1578046.4
MEX,1994-Q2,1614094.7
MEX,1994-Q3,1623110.5
MEX,1994-Q4,1640618.9
MEX,1995-Q1,1565172.4
MEX,1995-Q2,1470676.6
MEX,1995-Q3,1502140.5
MEX,1995-Q4,1536537.7
MEX,1996-Q1,1572491.7
MEX,1993-Q1,1534549.4
MEX,1993-Q2,1534926.6
MEX,1993-Q3,1552825.0
MEX,1993-Q4,1562600.7
MEX,2001-Q3,1970515.0
FRA,1996-Q1,2448368.2
FRA,1996-Q2,2453089.4
FRA,1996-Q3,2462558.8
FRA,1996-Q4,2472031.1
FRA,1997-Q1,2482583.9
FRA,1997-Q2,2508641.4
FRA,1997-Q3,2533586.1
FRA,1997-Q4,2558623.2
FRA,1998-Q1,2583147.2
FRA,1998-Q2,2601644.6
FRA,1998-Q3,2615101.0
FRA,1998-Q4,2633028.7
FRA,1999-Q1,2651145.1
FRA,1999-Q2,2668336.3
FRA,1991-Q1,2276500.5
FRA,1991-Q2,2284907.4
FRA,1991-Q3,2294170.2
FRA,1991-Q4,2305241.2
FRA,1992-Q1,2321728.9
FRA,1992-Q2,2324335.9
FRA,1992-Q3,2321663.1
FRA,1995-Q4,2431466.2
FRA,1995-Q1,2412811.3
FRA,1995-Q2,2428631.8
FRA,1995-Q3,2432427.2
FRA,1999-Q3,2707641.9
FRA,1999-Q4,2745989.4
FRA,2000-Q1,2773808.9
FRA,2000-Q2,2803325.9
FRA,2000-Q3,2825063.4
FRA,2000-Q4,2841012.0
FRA,2001-Q1,2857469.7
FRA,2001-Q2,2858784.4
FRA,2001-Q3,2873439.0
FRA,2001-Q4,2861108.6
DEU,1993-Q2,3463562.2
DEU,1993-Q3,3483083.4
DEU,1993-Q4,3480643.1
DEU,1994-Q1,3529082.4
DEU,1992-Q1,3530423.6
DEU,1992-Q2,3508950.4
DEU,1991-Q1,3454410.9
ITA,1993-Q3,2392871.4
KOR,2001-Q1,1233824.0
FRA,2002-Q1,2877677.1
JPN,2000-Q4,4925902.7
JPN,2001-Q1,4962635.7
JPN,2001-Q2,4925239.0
JPN,2001-Q3,4872147.5
JPN,2001-Q4,4854800.7
JPN,2002-Q1,4863429.1
JPN,2002-Q2,4902248.2
JPN,1994-Q1,4514352.5
JPN,1994-Q2,4490002.0
JPN,1994-Q3,4541353.5
JPN,1994-Q4,4523863.0
JPN,1996-Q1,4720719.4
JPN,1996-Q2,4780766.0
JPN,1996-Q3,4786713.5
JPN,1996-Q4,4840316.9
JPN,1997-Q1,4851602.9
JPN,1997-Q2,4816490.5
JPN,1997-Q3,4825619.6
JPN,1997-Q4,4827560.0
JPN,1998-Q1,4767896.8
JPN,1995-Q1,4572997.0
JPN,1995-Q2,4616780.2
JPN,1995-Q3,4670678.0
JPN,1995-Q4,4682522.5
JPN,1992-Q3,4485771.4
GBR,1992-Q1,2004551.1
GBR,1992-Q2,2001441.5
GBR,1992-Q3,2010961.7
GBR,1992-Q4,2026457.5
GBR,1999-Q3,2511236.5
GBR,1999-Q4,2547397.2
GBR,2000-Q1,2578998.0
GBR,1999-Q2,2470974.1
GBR,2000-Q4,2630672.0
GBR,2001-Q1,2655229.7
GBR,2001-Q2,2666484.6
GBR,2001-Q3,2680385.0
GBR,2001-Q4,2688437.5
GBR,2002-Q1,2695944.6
GBR,2002-Q2,2708922.6
GBR,1995-Q4,2195530.6
GBR,1996-Q1,2210231.6
GBR,1996-Q2,2217019.3
GBR,1996-Q3,2237469.6
GBR,1996-Q4,2268693.3
GBR,1997-Q1,2304952.6
GBR,1997-Q2,2330984.0
GBR,1997-Q3,2350958.5
GBR,1997-Q4,2386457.9
GBR,1998-Q1,2404007.4
GBR,1998-Q2,2418696.8
GBR,1998-Q3,2426731.9
GBR,1998-Q4,2442860.1
GBR,1999-Q1,2459110.0
GBR,1990-Q1,2038060.5
GBR,1990-Q2,2051775.3
GBR,1990-Q3,2029248.0
GBR,1990-Q4,2018956.2
GBR,1991-Q1,2009012.4
GBR,1991-Q2,2006691.8
GBR,1993-Q3,2064410.9
GBR,1993-Q4,2078467.9
GBR,1994-Q1,2098941.4
GBR,1994-Q2,2118179.2
GBR,1994-Q3,2139580.9
GBR,1994-Q4,2148880.7
GBR,1995-Q1,2159938.4
GBR,1995-Q2,2164481.0
GBR,1995-Q3,2188609.4
CAN,2002-Q1,1385782.0
CAN,2002-Q2,1393969.8
CAN,1994-Q2,1061895.7
CAN,1994-Q3,1075509.6
CAN,1994-Q4,1083322.4
CAN,1995-Q1,1093276.0
CAN,1995-Q2,1093740.5
CAN,1995-Q3,1095186.0
CAN,1995-Q4,1099605.9
CAN,1996-Q1,1101201.6
CAN,1996-Q2,1109041.3
GBR,2000-Q3,2614665.6
GBR,1993-Q1,2036592.7
GBR,1993-Q2,2045677.9
GBR,1991-Q3,2002770.0
MEX,2002-Q1,1941531.6
MEX,2002-Q2,1962054.2
MEX,1990-Q1,1369123.5
MEX,1990-Q2,1398830.8
MEX,1990-Q3,1417912.8
MEX,1990-Q4,1435933.8
MEX,1991-Q1,1439891.3
MEX,1991-Q2,1461924.9
MEX,1991-Q3,1464643.3
MEX,1991-Q4,1491097.2
MEX,1992-Q1,1490966.9
MEX,1992-Q2,1515416.1
JPN,1992-Q4,4457174.6
GBR,1991-Q4,2005247.2
MEX,2001-Q4,1953766.8
FRA,2002-Q2,2892135.5
KOR,2000-Q4,1221535.9
IND,2001-Q1,2781605.4
CAN,2001-Q2,1358623.6
DEU,1991-Q2,3439281.5
ITA,1993-Q2,2398594.3
USA,2000-Q3,14903624.6
IRL,1991-Q2,103076.5
JPN,1993-Q1,4507400.6
JPN,1990-Q1,4157427.8
JPN,1990-Q2,4288551.8
JPN,1990-Q3,4360459.7
JPN,1990-Q4,4352175.7
JPN,1991-Q1,4390097.0
JPN,1991-Q2,4442181.6
JPN,1991-Q3,4432347.5
JPN,1991-Q4,4463477.4
JPN,1992-Q1,4464865.6
JPN,1992-Q2,4480499.5
JPN,1993-Q2,4478862.2
JPN,1993-Q3,4446710.1
JPN,1993-Q4,4474724.5
JPN,1998-Q2,4747975.3
JPN,1998-Q3,4756207.1
JPN,1998-Q4,4794409.1
JPN,1999-Q1,4728005.3
JPN,1999-Q2,4746641.0
JPN,1999-Q3,4771733.0
JPN,1999-Q4,4773239.3
JPN,2000-Q1,4855654.6
JPN,2000-Q2,4877434.4
FRA,1993-Q4,2318581.1
FRA,1994-Q1,2334317.9
FRA,1994-Q2,2357741.2
FRA,1994-Q3,2379037.2
FRA,1994-Q4,2401463.2
FRA,1990-Q1,2244890.8
FRA,1990-Q2,2256951.6
FRA,1990-Q3,2271617.2
FRA,1990-Q4,2270526.4
FRA,1992-Q4,2322103.5
FRA,1993-Q1,2309557.8
FRA,1993-Q2,2309667.5
MEX,2009-Q1,2106817.2
IRL,2003-Q1,226116.5
IRL,2003-Q2,228122.4
MEX,2007-Q2,2250178.4
IRL,2004-Q2,247588.6
IRL,2004-Q3,245756.1
IRL,2004-Q4,252252.2
IRL,2005-Q1,256065.1
IRL,2005-Q2,261940.0
IRL,2005-Q3,259895.6
IRL,2002-Q3,224095.4
JPN,2011-Q1,5141404.8
IRL,2007-Q3,282671.6
IRL,2007-Q4,293341.9
IRL,2008-Q1,285078.9
IRL,2008-Q2,279043.7
IRL,2008-Q3,278076.4
IRL,2008-Q4,264979.3
IRL,2009-Q1,262737.3
IRL,2009-Q2,262457.6
IRL,2009-Q3,260665.9
IRL,2009-Q4,255547.0
IRL,2010-Q1,261447.9
IRL,2010-Q2,261287.4
IRL,2010-Q3,263179.8
IRL,2010-Q4,263402.3
IRL,2003-Q3,229874.4
IRL,2003-Q4,242203.4
IRL,2011-Q1,265668.5
USA,2010-Q1,17471688.4
USA,2010-Q2,17640742.1
USA,2003-Q1,15397586.9
USA,2003-Q2,15533951.3
USA,2003-Q3,15792312.0
USA,2003-Q4,15975616.7
USA,2004-Q1,16066142.8
USA,2004-Q2,16190647.7
USA,2004-Q3,16344231.2
USA,2004-Q4,16510976.4
USA,2005-Q1,16694143.1
USA,2013-Q2,18659064.4
USA,2013-Q3,18817926.5
USA,2002-Q3,15298012.5
USA,2002-Q4,15316921.6
USA,2010-Q3,17776767.2
IRL,2011-Q3,265449.3
IRL,2011-Q4,266988.6
IRL,2012-Q1,261807.8
IRL,2012-Q2,268098.4
IRL,2012-Q3,264114.4
IRL,2012-Q4,265603.4
IRL,2013-Q1,264103.7
IRL,2013-Q2,270346.9
IRL,2013-Q3,279787.7
IRL,2013-Q4,278654.0
IRL,2014-Q1,289377.6
IRL,2014-Q2,297799.3
IRL,2014-Q3,301590.0
IRL,2014-Q4,301900.0
IRL,2005-Q4,268669.9
IRL,2006-Q1,271389.9
IRL,2006-Q2,273809.5
IRL,2006-Q3,276520.9
IRL,2002-Q4,227473.9
IRL,2007-Q2,289218.4
ITA,2012-Q3,2800493.2
ITA,2012-Q4,2780695.4
ITA,2013-Q1,2755551.3
ITA,2013-Q2,2755400.8
ITA,2013-Q3,2764359.9
ITA,2014-Q3,2762784.1
ITA,2013-Q4,2762062.3
ITA,2014-Q1,2760852.1
ITA,2014-Q2,2762185.0
ITA,2014-Q4,2759919.6
ITA,2005-Q4,2958422.2
ITA,2006-Q1,2966158.4
ITA,2006-Q2,2977132.5
ITA,2006-Q3,2986502.8
ITA,2006-Q4,3028704.2
ITA,2007-Q1,3022379.3
ITA,2007-Q2,3031122.7
ITA,2007-Q3,3032137.5
ITA,2007-Q4,3025744.8
ITA,2008-Q1,3056777.3
ITA,2008-Q2,3028201.9
ITA,2008-Q3,2983153.1
ITA,2008-Q4,2914687.9
ITA,2009-Q1,2843393.0
ITA,2009-Q2,2826765.9
ITA,2009-Q3,2833841.7
ITA,2009-Q4,2840916.3
ITA,2010-Q1,2854296.2
ITA,2010-Q2,2872563.7
ITA,2010-Q3,2880330.4
ITA,2010-Q4,2905503.6
ITA,2003-Q3,2853583.3
ITA,2003-Q4,2880401.2
ITA,2004-Q1,2892431.8
ITA,2004-Q2,2899846.1
ITA,2004-Q3,2901901.4
ITA,2004-Q4,2909356.2
ITA,2005-Q1,2904080.8
ITA,2005-Q2,2929126.8
ITA,2005-Q3,2944691.8
ITA,2002-Q3,2861128.5
ITA,2002-Q4,2877668.3
ITA,2003-Q1,2865639.1
ITA,2003-Q2,2860587.6
ITA,2011-Q1,2920127.2
USA,2011-Q1,17827726.0
USA,2011-Q2,17948345.3
USA,2011-Q3,17944340.5
USA,2011-Q4,18145864.2
USA,2012-Q1,18298033.8
USA,2012-Q2,18379704.3
USA,2012-Q3,18406176.2
USA,2012-Q4,18427461.2
USA,2013-Q1,18609259.3
USA,2013-Q4,18981970.2
USA,2014-Q1,18916464.2
USA,2014-Q2,19160835.1
USA,2014-Q3,19393714.2
USA,2014-Q4,19491794.6
USA,2005-Q2,16776382.5
USA,2005-Q3,16907878.2
USA,2005-Q4,17001804.2
USA,2006-Q1,17230543.7
USA,2006-Q2,17275128.3
USA,2006-Q3,17301033.3
USA,2006-Q4,17449727.0
USA,2007-Q1,17502222.0
USA,2007-Q2,17609294.0
USA,2007-Q3,17710728.0
USA,2007-Q4,17821993.3
USA,2008-Q1,17745935.4
IRL,2004-Q1,240456.3
USA,2009-Q3,17201512.6
USA,2009-Q4,17387446.1
CAN,2008-Q4,1598099.5
CAN,2009-Q1,1562037.1
CAN,2009-Q2,1545187.5
CAN,2009-Q3,1552098.2
CAN,2009-Q4,1570132.0
CAN,2010-Q1,1589154.7
CAN,2010-Q2,1597476.1
CAN,2010-Q3,1608659.2
CAN,2010-Q4,1626705.1
CAN,2011-Q1,1639094.0
CAN,2011-Q2,1642069.3
CAN,2011-Q3,1664536.9
CAN,2011-Q4,1677765.3
CAN,2012-Q1,1678824.5
CAN,2012-Q2,1684281.9
CAN,2012-Q3,1686586.9
CAN,2012-Q4,1690057.9
CAN,2013-Q1,1705185.9
CAN,2013-Q2,1715005.9
CAN,2013-Q3,1729108.6
CAN,2006-Q2,1552868.2
CAN,2006-Q3,1557239.5
CAN,2006-Q4,1563440.9
CAN,2007-Q1,1573418.9
CAN,2007-Q2,1588613.8
CAN,2007-Q3,1594566.0
CAN,2007-Q4,1596661.8
CAN,2008-Q1,1597859.9
CAN,2008-Q2,1603681.9
CAN,2005-Q2,1506198.4
CAN,2005-Q3,1524451.9
CAN,2005-Q4,1539592.1
CAN,2006-Q1,1552092.1
CAN,2013-Q4,1747204.9
DEU,2005-Q2,4092900.5
DEU,2005-Q3,4126577.0
DEU,2005-Q4,4142194.9
DEU,2006-Q1,4188436.7
DEU,2006-Q2,4259691.6
DEU,2006-Q3,4292879.2
DEU,2006-Q4,4355349.5
DEU,2007-Q1,4361085.2
DEU,2007-Q2,4389879.1
DEU,2007-Q3,4411840.7
DEU,2007-Q4,4444539.0
DEU,2008-Q1,4471628.0
DEU,2008-Q2,4455522.3
DEU,2008-Q3,4431119.2
DEU,2008-Q4,4362790.4
DEU,2009-Q1,4157689.4
DEU,2012-Q1,4546664.5
DEU,2012-Q2,4551056.9
DEU,2012-Q3,4560817.9
DEU,2012-Q4,4545688.5
DEU,2013-Q1,4520430.8
DEU,2013-Q2,4575093.4
DEU,2013-Q3,4598032.4
DEU,2013-Q4,4603401.3
DEU,2014-Q1,4651473.6
DEU,2014-Q2,4652937.8
DEU,2014-Q3,4676851.4
DEU,2014-Q4,4711502.2
DEU,2002-Q3,4079113.6
DEU,2003-Q2,4018595.5
DEU,2003-Q3,4055199.1
DEU,2003-Q4,4060079.8
DEU,2004-Q1,4055077.6
DEU,2004-Q2,4078015.1
DEU,2004-Q3,4064838.1
DEU,2004-Q4,4062886.2
DEU,2005-Q1,4070449.5
DEU,2009-Q4,4226504.4
DEU,2010-Q1,4256882.9
DEU,2010-Q2,4349614.6
DEU,2010-Q3,4391587.9
DEU,2010-Q4,4420383.7
IRL,2006-Q4,278371.5
IRL,2007-Q1,292058.7
ITA,2011-Q4,2874307.2
ITA,2012-Q1,2841485.0
ITA,2012-Q2,2819940.6
KOR,2009-Q3,1806947.0
KOR,2009-Q4,1820182.7
KOR,2010-Q1,1862828.7
KOR,2010-Q2,1892926.6
KOR,2010-Q3,1912173.3
KOR,2010-Q4,1939164.7
KOR,2011-Q1,1957679.2
KOR,2011-Q2,1966176.9
KOR,2011-Q3,1975271.1
KOR,2004-Q2,1470658.9
KOR,2004-Q3,1474421.3
KOR,2004-Q4,1486506.3
KOR,2005-Q1,1500421.6
KOR,2005-Q2,1528554.2
KOR,2005-Q3,1550012.7
KOR,2005-Q4,1567798.0
KOR,2006-Q1,1592720.8
KOR,2006-Q2,1604216.0
KOR,2003-Q2,1380205.9
KOR,2003-Q3,1402276.4
KOR,2003-Q4,1438032.7
KOR,2004-Q1,1458496.2
KOR,2011-Q4,1988518.0
IND,2012-Q2,6282460.7
IND,2003-Q3,3231142.4
IND,2003-Q4,3337227.5
IND,2013-Q4,6922657.6
IND,2014-Q1,7002892.0
IND,2014-Q2,7163234.5
IND,2006-Q2,4061223.1
IND,2006-Q3,4195365.2
IND,2006-Q4,4267160.0
IND,2012-Q3,6395167.9
IND,2012-Q4,6471070.0
IND,2013-Q1,6574525.3
IND,2013-Q2,6666819.5
IND,2013-Q3,6773563.3
IND,2008-Q1,4760849.8
IND,2008-Q2,4810546.5
IND,2008-Q3,4852409.8
IND,2008-Q4,4858357.5
IND,2009-Q1,4768665.6
IND,2009-Q2,5045422.6
IND,2009-Q3,5174276.9
IND,2009-Q4,5284319.7
IND,2010-Q1,5421721.4
IND,2010-Q2,5551981.8
IND,2010-Q3,5716097.3
IND,2010-Q4,5848771.8
IND,2011-Q1,5955841.7
IND,2011-Q2,6028005.4
IND,2011-Q3,6027773.5
IND,2011-Q4,6125959.5
IND,2014-Q3,7294020.6
IND,2014-Q4,7405907.4
IND,2006-Q1,4003714.5
IND,2002-Q3,3000548.8
IND,2002-Q4,3002896.4
IND,2004-Q3,3511261.8
IND,2004-Q4,3579261.3
IND,2005-Q1,3641933.2
IND,2005-Q2,3757269.5
IND,2005-Q3,3809548.7
IND,2005-Q4,3905850.6
IND,2007-Q2,4496901.4
IND,2007-Q3,4577597.3
IND,2007-Q4,4732177.4
IND,2003-Q1,3070494.5
IND,2003-Q2,3148276.2
IND,2004-Q1,3349391.4
IND,2004-Q2,3429045.7
IND,2007-Q1,4386358.7
CAN,2014-Q2,1766111.2
CAN,2014-Q3,1783040.7
USA,2008-Q2,17851599.7
USA,2008-Q3,17757832.8
USA,2008-Q4,17369109.1
USA,2009-Q1,17171991.5
USA,2009-Q2,17141313.6
CAN,2002-Q4,1413746.0
CAN,2008-Q3,1616860.0
MEX,2004-Q1,2032822.1
MEX,2004-Q2,2059703.8
MEX,2004-Q3,2058185.3
MEX,2004-Q4,2080189.3
MEX,2005-Q1,2084962.8
MEX,2005-Q2,2084782.0
MEX,2005-Q3,2106411.6
MEX,2002-Q3,1980666.3
MEX,2002-Q4,1985074.7
MEX,2003-Q1,1983944.5
MEX,2003-Q2,1987043.5
MEX,2011-Q1,2281567.2
FRA,2009-Q2,3136903.4
FRA,2002-Q3,2903033.4
FRA,2002-Q4,2906199.7
FRA,2003-Q1,2914904.9
FRA,2003-Q2,2902783.5
FRA,2003-Q3,2932916.3
FRA,2003-Q4,2943544.6
FRA,2004-Q1,2975074.2
FRA,2004-Q2,2988075.2
FRA,2004-Q3,2999388.1
FRA,2004-Q4,3026145.1
FRA,2005-Q1,3033972.5
FRA,2005-Q2,3041769.4
FRA,2005-Q3,3065000.5
FRA,2012-Q4,3289825.3
FRA,2013-Q1,3292422.5
FRA,2013-Q2,3321156.9
FRA,2013-Q3,3320384.7
FRA,2013-Q4,3344413.5
FRA,2014-Q1,3341189.5
FRA,2014-Q2,3346309.4
FRA,2014-Q3,3366493.2
FRA,2014-Q4,3359808.6
FRA,2005-Q4,3086315.5
FRA,2006-Q1,3112141.6
FRA,2006-Q2,3149793.1
FRA,2006-Q3,3153085.2
FRA,2006-Q4,3170140.7
FRA,2007-Q1,3204039.5
FRA,2007-Q2,3224478.4
FRA,2007-Q3,3233964.6
FRA,2007-Q4,3235523.5
FRA,2008-Q1,3263420.9
FRA,2008-Q2,3240857.6
FRA,2008-Q3,3233601.5
FRA,2010-Q3,3212217.3
FRA,2010-Q4,3232164.4
FRA,2011-Q1,3274144.5
FRA,2011-Q2,3273727.8
FRA,2011-Q3,3285484.5
FRA,2011-Q4,3295554.8
FRA,2012-Q1,3296420.5
FRA,2012-Q2,3282133.0
FRA,2012-Q3,3289591.6
FRA,2009-Q3,3142341.9
FRA,2009-Q4,3167836.2
FRA,2010-Q1,3175269.4
FRA,2010-Q2,3190955.4
FRA,2008-Q4,3194270.5
KOR,2012-Q2,2016004.7
KOR,2012-Q3,2024992.9
KOR,2012-Q4,2040069.1
KOR,2013-Q1,2056249.8
KOR,2013-Q2,2079485.6
KOR,2013-Q3,2100343.1
KOR,2013-Q4,2118745.8
KOR,2014-Q1,2134997.3
KOR,2014-Q2,2155266.0
KOR,2014-Q3,2160817.8
KOR,2014-Q4,2172324.0
DEU,2011-Q1,4500300.0
DEU,2011-Q2,4512501.3
DEU,2011-Q3,4536903.6
DEU,2011-Q4,4536903.9
DEU,2009-Q2,4168914.7
DEU,2002-Q4,4068376.6
DEU,2003-Q1,4013714.9
ITA,2011-Q3,2902115.3
KOR,2009-Q2,1753455.0
KOR,2009-Q1,1730066.9
GBR,2007-Q1,3071301.5
GBR,2007-Q2,3093283.4
GBR,2007-Q3,3115706.2
GBR,2007-Q4,3134305.8
GBR,2008-Q1,3149076.4
GBR,2008-Q2,3132333.3
GBR,2008-Q3,3084186.7
GBR,2008-Q4,3018113.4
GBR,2009-Q1,2956710.3
GBR,2009-Q2,2947213.3
GBR,2009-Q3,2949470.1
GBR,2009-Q4,2958120.1
GBR,2010-Q1,2985422.0
GBR,2010-Q2,3017521.7
GBR,2010-Q3,3035187.2
GBR,2005-Q2,2940814.2
GBR,2005-Q4,2993196.0
GBR,2006-Q1,3008047.8
GBR,2006-Q2,3018623.9
GBR,2005-Q3,2965331.4
GBR,2010-Q4,3037171.3
GBR,2011-Q1,3045525.5
GBR,2011-Q2,3048211.6
GBR,2011-Q3,3057586.8
GBR,2011-Q4,3061439.0
GBR,2012-Q1,3088137.5
GBR,2012-Q2,3084441.9
GBR,2012-Q3,3113780.1
GBR,2012-Q4,3110693.7
GBR,2013-Q1,3121055.2
GBR,2013-Q2,3142010.2
GBR,2013-Q3,3167989.3
GBR,2013-Q4,3189135.8
GBR,2014-Q1,3215091.7
GBR,2014-Q2,3244957.8
GBR,2003-Q1,2769385.8
GBR,2003-Q2,2793723.1
GBR,2003-Q3,2819371.5
GBR,2003-Q4,2843076.4
GBR,2004-Q1,2854418.3
GBR,2004-Q2,2870720.5
GBR,2004-Q3,2881267.7
GBR,2004-Q4,2895063.6
GBR,2005-Q1,2916424.7
GBR,2006-Q3,3027105.7
GBR,2006-Q4,3043286.1
GBR,2002-Q3,2728311.2
GBR,2002-Q4,2749324.2
GBR,2014-Q3,3270269.7
MEX,2011-Q3,2332205.2
MEX,2011-Q4,2349069.2
MEX,2012-Q1,2372009.1
MEX,2012-Q2,2387831.2
MEX,2012-Q3,2392197.2
MEX,2012-Q4,2410893.3
MEX,2013-Q1,2413393.8
MEX,2013-Q2,2403595.5
MEX,2013-Q3,2418267.8
MEX,2013-Q4,2430244.7
MEX,2014-Q1,2446034.6
MEX,2014-Q2,2478032.9
MEX,2014-Q3,2481664.8
MEX,2014-Q4,2502792.4
MEX,2005-Q4,2145428.0
MEX,2006-Q1,2187378.8
MEX,2006-Q2,2206506.0
MEX,2006-Q3,2212037.0
MEX,2006-Q4,2219849.8
MEX,2007-Q1,2235299.8
CAN,2014-Q4,1795364.5
CAN,2003-Q1,1421611.7
CAN,2003-Q2,1419549.8
CAN,2003-Q3,1424857.0
CAN,2003-Q4,1434651.8
CAN,2004-Q1,1445083.8
CAN,2004-Q2,1462206.1
CAN,2004-Q3,1479494.1
CAN,2004-Q4,1490171.8
CAN,2005-Q1,1495390.5
CAN,2002-Q3,1406023.6
MEX,2009-Q2,2072564.2
MEX,2009-Q3,2147204.7
MEX,2009-Q4,2193619.8
MEX,2010-Q1,2202422.4
MEX,2010-Q2,2228334.7
MEX,2010-Q3,2248120.0
MEX,2010-Q4,2266429.3
MEX,2003-Q3,1987812.4
MEX,2003-Q4,2005969.0
JPN,2011-Q2,5097916.9
GBR,2014-Q4,3293040.6
MEX,2011-Q2,2291261.1
FRA,2009-Q1,3131696.9
KOR,2012-Q1,2007529.3
IND,2012-Q1,6210545.7
CAN,2014-Q1,1750157.6
DEU,2009-Q3,4193805.3
ITA,2011-Q2,2914622.1
USA,2010-Q4,17870114.8
IRL,2011-Q2,269463.5
JPN,2011-Q3,5221076.4
JPN,2011-Q4,5215125.9
JPN,2012-Q1,5287303.2
JPN,2012-Q2,5238421.2
JPN,2012-Q3,5218096.1
JPN,2012-Q4,5216128.4
JPN,2013-Q1,5286053.8
JPN,2013-Q2,5334450.2
JPN,2013-Q3,5385765.3
JPN,2013-Q4,5380653.4
JPN,2014-Q1,5421568.7
JPN,2014-Q2,5325131.9
JPN,2014-Q3,5330205.3
JPN,2014-Q4,5355622.1
JPN,2005-Q4,5224721.4
JPN,2006-Q1,5232500.0
JPN,2006-Q2,5240271.5
JPN,2006-Q3,5229916.2
JPN,2006-Q4,5301413.7
JPN,2007-Q1,5335665.2
JPN,2007-Q2,5337471.0
JPN,2007-Q3,5308619.7
JPN,2007-Q4,5332591.8
JPN,2008-Q1,5352004.4
JPN,2008-Q2,5319592.1
JPN,2008-Q3,5253644.5
JPN,2008-Q4,5124503.1
JPN,2009-Q1,4876768.7
JPN,2009-Q2,4973182.2
JPN,2009-Q3,4971029.4
JPN,2009-Q4,5032733.1
JPN,2010-Q1,5084578.3
JPN,2010-Q2,5146817.1
JPN,2010-Q3,5239431.8
JPN,2010-Q4,5197401.7
JPN,2003-Q3,4983761.1
JPN,2003-Q4,5037880.4
JPN,2004-Q1,5075934.7
JPN,2004-Q2,5075045.5
JPN,2004-Q3,5106670.7
JPN,2004-Q4,5097117.7
JPN,2005-Q1,5122847.0
JPN,2005-Q2,5162548.3
JPN,2005-Q3,5215031.8
JPN,2002-Q3,4918514.6
JPN,2002-Q4,4931780.4
JPN,2003-Q1,4934833.5
JPN,2003-Q2,4968292.9
KOR,2002-Q3,1373771.5
KOR,2002-Q4,1386745.4
KOR,2003-Q1,1379293.9
KOR,2006-Q3,1629358.3
KOR,2006-Q4,1642890.2
KOR,2007-Q1,1672013.9
KOR,2007-Q2,1700318.1
KOR,2007-Q3,1720452.2
KOR,2007-Q4,1754329.5
KOR,2008-Q1,1767556.5
KOR,2008-Q2,1773990.4
KOR,2008-Q3,1785764.8
KOR,2008-Q4,1725516.4
MEX,2007-Q3,2258352.0
MEX,2007-Q4,2263748.8
MEX,2008-Q1,2264593.1
MEX,2008-Q2,2279681.1
MEX,2008-Q3,2282136.6
MEX,2008-Q4,2245595.2
IND,2018-Q4,9846333.5
IRL,2018-Q1,435716.4
IRL,2016-Q2,361396.1
MEX,2021-Q3,2589031.5
IRL,2017-Q2,397915.0
IRL,2017-Q3,419630.6
IRL,2018-Q2,440208.2
IRL,2018-Q3,444341.1
IRL,2018-Q4,449701.9
IRL,2019-Q1,455474.3
IRL,2016-Q1,358717.5
JPN,2016-Q3,5485278.5
IRL,2021-Q1,553886.3
IRL,2021-Q2,571887.6
IRL,2021-Q3,585028.0
IRL,2021-Q4,580056.7
IRL,2022-Q1,603029.3
IRL,2022-Q2,618729.7
IRL,2022-Q3,635059.1
IRL,2022-Q4,632589.4
IRL,2023-Q1,601373.5
IRL,2023-Q2,595080.5
IRL,2023-Q3,582651.3
IRL,2023-Q4,569673.0
IRL,2024-Q1,578759.3
IRL,2024-Q2,576716.9
IRL,2016-Q3,364273.5
IRL,2016-Q4,399215.8
IRL,2024-Q3,600123.2
USA,2020-Q1,21802576.7
USA,2020-Q2,20078218.5
USA,2020-Q3,21650388.2
USA,2020-Q4,21885235.5
USA,2021-Q1,22187292.5
USA,2021-Q2,22535642.9
USA,2021-Q3,22727838.0
USA,2021-Q4,23137657.1
USA,2022-Q3,23249756.8
USA,2022-Q4,23442224.8
USA,2023-Q1,23604455.3
USA,2023-Q2,23747728.2
USA,2015-Q3,19868340.7
USA,2015-Q4,19904993.7
USA,2016-Q1,20020347.0
USA,2016-Q2,20084637.1
USA,2016-Q3,20227115.6
USA,2016-Q4,20339234.3
USA,2017-Q1,20438264.0
USA,2017-Q2,20552692.3
USA,2017-Q3,20714755.2
USA,2022-Q1,23078088.1
USA,2022-Q2,23094284.2
USA,2015-Q1,19667315.3
USA,2015-Q2,19789135.7
USA,2023-Q3,24002190.5
IRL,2015-Q1,364150.3
IRL,2015-Q2,356757.3
IRL,2015-Q3,365022.5
IRL,2015-Q4,370745.1
IRL,2019-Q2,462383.7
IRL,2019-Q3,468243.5
IRL,2019-Q4,478202.4
IRL,2020-Q1,495596.9
IRL,2017-Q4,434308.8
IRL,2020-Q4,503099.3
DEU,2020-Q1,4991640.5
DEU,2020-Q2,4547526.7
DEU,2020-Q3,4943324.4
DEU,2020-Q4,4999448.7
DEU,2021-Q1,4943816.9
DEU,2021-Q2,5069730.5
DEU,2021-Q3,5071682.8
DEU,2021-Q4,5102917.3
DEU,2022-Q1,5112191.5
DEU,2022-Q2,5111215.5
DEU,2022-Q3,5141473.9
DEU,2022-Q4,5115119.7
DEU,2023-Q1,5122562.1
DEU,2023-Q2,5114753.5
DEU,2016-Q1,4819850.7
DEU,2016-Q2,4835467.7
DEU,2016-Q3,4850109.2
DEU,2016-Q4,4869630.4
DEU,2017-Q1,4927951.4
DEU,2017-Q2,4970900.7
DEU,2017-Q3,5005553.4
DEU,2017-Q4,5053383.0
DEU,2018-Q1,5028857.1
DEU,2015-Q1,4700888.3
DEU,2015-Q2,4729682.8
DEU,2015-Q3,4751645.0
ITA,2024-Q1,3052106.7
ITA,2024-Q2,3054418.9
ITA,2024-Q3,3054787.7
ITA,2024-Q4,3058928.9
ITA,2018-Q2,2886238.4
ITA,2018-Q3,2886123.3
ITA,2018-Q4,2894709.8
ITA,2019-Q1,2900948.7
ITA,2019-Q2,2908959.6
ITA,2019-Q3,2898194.3
ITA,2019-Q4,2887415.7
ITA,2020-Q1,2719469.9
ITA,2020-Q2,2384221.0
ITA,2020-Q3,2727738.9
ITA,2020-Q4,2726065.6
ITA,2021-Q1,2775983.7
ITA,2021-Q2,2841115.6
ITA,2021-Q3,2913048.8
ITA,2021-Q4,2957275.8
ITA,2022-Q1,2981619.7
ITA,2022-Q2,3022097.8
ITA,2022-Q3,3029840.4
ITA,2022-Q4,3025338.7
ITA,2023-Q1,3044466.6
ITA,2023-Q2,3035225.3
ITA,2016-Q1,2801287.2
ITA,2016-Q2,2808966.5
ITA,2016-Q3,2828910.5
ITA,2016-Q4,2839615.0
ITA,2017-Q1,2852322.4
ITA,2017-Q2,2863391.4
ITA,2017-Q3,2868273.3
ITA,2017-Q4,2885386.3
ITA,2018-Q1,2880286.7
ITA,2015-Q1,2769612.6
ITA,2015-Q2,2780522.7
ITA,2015-Q3,2781593.7
ITA,2015-Q4,2796347.7
ITA,2023-Q3,3035641.5
USA,2024-Q1,24289416.9
USA,2024-Q2,24468910.7
USA,2024-Q3,24654754.6
USA,2024-Q4,24804425.0
USA,2017-Q4,20948220.2
USA,2018-Q1,21118615.0
IRL,2017-Q1,396325.9
USA,2019-Q3,21960706.6
USA,2019-Q4,22110451.8
IND,2020-Q3,9641208.8
IND,2020-Q4,10294964.7
IND,2021-Q1,10434903.9
IND,2021-Q2,9680888.0
IND,2021-Q3,10597512.1
IND,2021-Q4,10801416.3
IND,2022-Q1,10861955.3
IND,2022-Q2,10957511.9
IND,2022-Q3,11188174.9
IND,2022-Q4,11349871.7
IND,2023-Q1,11637715.7
IND,2023-Q2,11974309.1
IND,2023-Q3,12219619.9
IND,2023-Q4,12438672.7
IND,2024-Q1,12648761.2
IND,2024-Q2,12794465.5
IND,2018-Q3,9703428.9
IND,2015-Q1,7530643.7
IND,2015-Q2,7691930.7
IND,2019-Q3,10147627.5
IND,2024-Q3,12970835.0
IND,2017-Q1,8749687.4
IND,2017-Q2,8929802.0
IND,2017-Q3,9076983.0
IND,2017-Q4,9247513.6
IND,2018-Q1,9446053.5
IND,2018-Q2,9569775.6
IND,2019-Q4,10165510.1
IND,2020-Q1,10186129.2
IND,2020-Q2,7865705.0
IND,2015-Q3,7833941.1
IND,2015-Q4,7993169.2
IND,2016-Q3,8563493.1
IND,2016-Q4,8680280.7
IND,2024-Q4,13183178.3
CAN,2019-Q3,1952476.2
CAN,2019-Q4,1958050.8
CAN,2020-Q1,1919870.1
CAN,2020-Q2,1708685.5
CAN,2023-Q4,2073347.6
CAN,2024-Q1,2082766.5
CAN,2024-Q2,2097043.7
CAN,2024-Q3,2108551.4
CAN,2024-Q4,2122188.7
CAN,2017-Q2,1860651.6
CAN,2017-Q3,1861235.9
CAN,2017-Q4,1870679.0
CAN,2020-Q3,1863894.2
CAN,2020-Q4,1898905.3
CAN,2021-Q1,1931254.5
CAN,2021-Q2,1928991.1
CAN,2021-Q3,1967850.8
CAN,2021-Q4,2003083.3
CAN,2022-Q1,2020166.4
CAN,2022-Q2,2039106.6
CAN,2022-Q3,2051448.6
CAN,2018-Q1,1892426.0
CAN,2018-Q2,1907187.7
CAN,2018-Q3,1916808.0
CAN,2018-Q4,1921323.4
CAN,2016-Q1,1798634.1
CAN,2016-Q2,1789674.5
CAN,2016-Q3,1808247.4
CAN,2016-Q4,1818392.1
CAN,2017-Q1,1841271.2
CAN,2022-Q4,2048509.0
CAN,2023-Q1,2068310.4
CAN,2023-Q2,2072586.2
CAN,2023-Q3,2069720.3
CAN,2015-Q1,1785368.3
CAN,2015-Q2,1780494.3
CAN,2015-Q3,1786870.2
CAN,2015-Q4,1788054.4
CAN,2019-Q1,1925947.3
DEU,2023-Q3,5124514.8
DEU,2023-Q4,5105480.8
IRL,2020-Q2,462954.4
IRL,2020-Q3,518124.2
DEU,2019-Q2,5092303.6
DEU,2019-Q3,5105968.7
DEU,2019-Q4,5104016.9
MEX,2015-Q1,2514579.9
MEX,2018-Q2,2683093.4
MEX,2018-Q3,2694033.1
MEX,2018-Q4,2689406.8
MEX,2023-Q1,2762076.1
FRA,2024-Q3,3756805.3
FRA,2023-Q4,3729101.1
FRA,2024-Q1,3731857.6
FRA,2024-Q2,3741530.8
FRA,2018-Q1,3523163.8
FRA,2018-Q2,3530303.2
FRA,2018-Q3,3548181.8
FRA,2018-Q4,3576407.2
FRA,2019-Q1,3606076.5
FRA,2019-Q2,3627286.5
FRA,2019-Q3,3628948.1
FRA,2019-Q4,3610020.8
FRA,2020-Q1,3425601.1
FRA,2020-Q2,3004113.3
FRA,2020-Q3,3474147.5
FRA,2020-Q4,3469646.9
FRA,2021-Q1,3482485.7
FRA,2021-Q2,3527502.3
FRA,2021-Q3,3627532.4
FRA,2021-Q4,3649054.0
FRA,2022-Q1,3642883.6
FRA,2022-Q2,3659112.7
FRA,2022-Q3,3677745.6
FRA,2022-Q4,3681696.9
FRA,2023-Q1,3679133.7
FRA,2015-Q4,3397285.1
FRA,2016-Q1,3410951.7
FRA,2016-Q2,3402453.6
FRA,2016-Q3,3406732.6
FRA,2016-Q4,3424559.3
FRA,2017-Q1,3447743.7
FRA,2017-Q2,3478520.7
FRA,2017-Q3,3504314.4
FRA,2017-Q4,3525989.0
FRA,2024-Q4,3752999.5
FRA,2015-Q1,3378900.9
FRA,2015-Q2,3380455.2
FRA,2015-Q3,3389435.8
FRA,2023-Q2,3705695.6
KOR,2024-Q2,2757052.6
KOR,2024-Q3,2759798.3
KOR,2024-Q4,2761625.7
KOR,2023-Q1,2680436.3
KOR,2018-Q2,2437896.3
KOR,2018-Q3,2450576.4
KOR,2018-Q4,2464507.2
KOR,2019-Q1,2465935.8
KOR,2019-Q2,2498716.2
KOR,2019-Q3,2504086.7
KOR,2019-Q4,2529257.4
KOR,2020-Q1,2496721.0
KOR,2020-Q2,2428306.7
KOR,2020-Q3,2481944.3
KOR,2020-Q4,2521014.4
KOR,2021-Q1,2559909.5
KOR,2021-Q2,2594310.5
KOR,2021-Q3,2595187.8
KOR,2021-Q4,2636552.3
KOR,2022-Q1,2649292.3
KOR,2022-Q2,2670422.3
KOR,2022-Q3,2680824.1
KOR,2022-Q4,2668705.8
KOR,2023-Q2,2695217.8
KOR,2023-Q3,2715521.7
KOR,2016-Q1,2259044.4
KOR,2016-Q2,2287370.4
KOR,2016-Q3,2296279.0
KOR,2016-Q4,2314019.9
KOR,2017-Q1,2339920.4
USA,2018-Q2,21230717.9
USA,2018-Q3,21363133.4
USA,2018-Q4,21393393.0
USA,2019-Q1,21526955.9
USA,2019-Q2,21706737.3
IND,2019-Q1,9949407.1
IND,2019-Q2,10082201.7
JPN,2018-Q1,5612729.4
JPN,2018-Q2,5634324.1
JPN,2018-Q3,5606191.1
JPN,2018-Q4,5593015.3
JPN,2019-Q1,5606245.7
JPN,2019-Q2,5631091.9
JPN,2019-Q3,5641583.7
JPN,2019-Q4,5478125.1
JPN,2020-Q1,5507822.1
JPN,2017-Q1,5534875.7
JPN,2017-Q2,5556705.1
JPN,2017-Q3,5605272.5
JPN,2017-Q4,5608731.4
JPN,2016-Q4,5492653.4
GBR,2023-Q4,3672412.2
GBR,2024-Q1,3705683.8
GBR,2024-Q2,3722647.3
GBR,2024-Q3,3722676.4
GBR,2024-Q4,3726226.9
GBR,2018-Q2,3526005.6
GBR,2018-Q3,3536900.8
GBR,2018-Q4,3541704.4
GBR,2019-Q1,3567550.1
GBR,2019-Q2,3578671.6
GBR,2019-Q3,3604047.3
GBR,2019-Q4,3604058.9
GBR,2020-Q1,3508276.2
GBR,2020-Q2,2794982.0
GBR,2020-Q3,3264201.4
GBR,2020-Q4,3308814.9
GBR,2021-Q1,3274429.4
GBR,2021-Q2,3511954.3
GBR,2021-Q3,3570584.3
GBR,2021-Q4,3623569.4
GBR,2022-Q1,3650006.8
GBR,2022-Q2,3662242.1
GBR,2022-Q3,3666413.4
GBR,2022-Q4,3678405.1
GBR,2023-Q1,3680632.9
GBR,2016-Q1,3365507.1
GBR,2016-Q2,3384495.4
GBR,2016-Q3,3398842.5
GBR,2016-Q4,3419844.0
GBR,2017-Q1,3448544.0
GBR,2017-Q2,3470317.0
GBR,2017-Q3,3492275.7
GBR,2017-Q4,3518005.3
GBR,2018-Q1,3520262.1
GBR,2015-Q1,3301922.7
GBR,2015-Q2,3322361.4
GBR,2015-Q3,3334910.0
GBR,2015-Q4,3353660.5
GBR,2023-Q2,3682176.1
MEX,2023-Q3,2799976.9
MEX,2023-Q4,2810214.6
MEX,2021-Q1,2590159.1
MEX,2021-Q2,2614510.8
MEX,2015-Q3,2566963.5
MEX,2015-Q4,2559495.6
MEX,2016-Q1,2558016.5
MEX,2016-Q2,2567609.6
MEX,2016-Q3,2590380.0
MEX,2016-Q4,2619411.1
MEX,2017-Q1,2634035.4
MEX,2017-Q2,2637938.4
MEX,2017-Q3,2621772.8
MEX,2017-Q4,2658546.6
MEX,2018-Q1,2692262.1
MEX,2024-Q1,2809319.9
MEX,2024-Q2,2817392.4
MEX,2024-Q3,2843177.3
MEX,2024-Q4,2825213.5
DEU,2024-Q1,5117559.4
DEU,2024-Q2,5102430.6
DEU,2024-Q3,5107798.8
DEU,2024-Q4,5097550.2
DEU,2018-Q2,5065460.8
DEU,2018-Q3,5028857.0
DEU,2018-Q4,5060580.2
DEU,2019-Q1,5088886.9
MEX,2015-Q2,2537440.8
MEX,2021-Q4,2621127.9
MEX,2022-Q1,2660208.2
MEX,2022-Q2,2690418.3
MEX,2022-Q3,2707723.8
MEX,2022-Q4,2742309.7
MEX,2019-Q1,2689684.0
MEX,2019-Q2,2682719.1
MEX,2019-Q3,2681682.8
MEX,2019-Q4,2663012.5
MEX,2020-Q1,2632299.3
MEX,2020-Q2,2133807.3
MEX,2020-Q3,2463584.0
MEX,2020-Q4,2571274.0
JPN,2016-Q1,5481967.3
GBR,2023-Q3,3680046.9
MEX,2023-Q2,2784973.2
FRA,2023-Q3,3711067.8
KOR,2024-Q1,2763343.2
IND,2016-Q1,8225165.9
CAN,2019-Q2,1947031.9
DEU,2015-Q4,4773607.4
ITA,2023-Q4,3041743.1
USA,2023-Q4,24191489.2
IRL,2024-Q4,621805.1
JPN,2015-Q1,5436037.3
JPN,2015-Q2,5445012.7
JPN,2015-Q3,5451256.6
JPN,2015-Q4,5441884.7
JPN,2020-Q2,5088822.1
JPN,2020-Q3,5363688.0
JPN,2020-Q4,5455971.9
JPN,2021-Q1,5472099.7
JPN,2021-Q2,5507652.1
JPN,2021-Q3,5483686.1
JPN,2021-Q4,5547272.5
JPN,2022-Q1,5511499.5
JPN,2022-Q2,5576324.1
JPN,2022-Q3,5554101.1
JPN,2022-Q4,5570173.3
JPN,2023-Q1,5636115.8
JPN,2023-Q2,5671483.1
JPN,2023-Q3,5616864.0
JPN,2023-Q4,5618063.9
JPN,2024-Q1,5588967.7
JPN,2024-Q2,5633803.1
JPN,2024-Q3,5653806.5
JPN,2024-Q4,5685249.7
JPN,2016-Q2,5473117.4
KOR,2017-Q2,2357184.3
KOR,2017-Q3,2389707.3
KOR,2017-Q4,2384269.3
KOR,2018-Q1,2418913.4
KOR,2015-Q1,2191102.8
KOR,2015-Q2,2200526.0
KOR,2015-Q3,2233172.4
KOR,2015-Q4,2250431.5
KOR,2023-Q4,2727877.8
IND,2016-Q2,8371651.7
